Manufacturer,Model Year,Regulatory Class,Real-World MPG,Real-World MPG_City,Real-World MPG_Hwy,Real-World CO2 (g/mi),Real-World CO2_City (g/mi),Real-World CO2_Hwy (g/mi),Weight (lbs),Horsepower (HP),Footprint (sq. ft.)
All,1975,All,13.0597,12.01552,14.61167,680.59612,739.738,608.3116,4060.399,137.3346,-
All,1976,All,14.22136,13.18117,15.73946,625.02238,674.34147,564.74348,4079.198,135.0839,-
All,1977,All,15.06743,14.0058,16.60587,589.9988,634.71366,535.34732,3981.818,135.9847,-
All,1978,All,15.83777,14.68193,17.5239,561.62442,605.82637,507.59981,3715.238,129.0248,-
All,1979,All,15.91271,14.87711,17.39245,559.69495,598.63764,512.09833,3655.465,123.5922,-
All,1980,All,19.16493,17.61932,21.4665,465.93524,506.80269,415.98614,3227.876,103.8276,-
All,1981,All,20.52057,18.83051,23.04893,436.03635,475.18566,388.1872,3201.759,102.1236,-
All,1982,All,21.07205,19.20172,23.91969,424.63837,465.95156,374.14447,3201.843,102.9528,-
All,1983,All,20.95239,19.04058,23.88334,425.53494,468.23629,373.34441,3257.34,106.9483,-
All,1984,All,21.00023,19.05715,23.9898,424.02812,467.2359,371.2186,3261.576,108.5963,-
All,1985,All,21.31942,19.31764,24.41114,417.30522,460.53346,364.47071,3271.127,114.1306,-
All,1986,All,21.84433,19.75389,24.99472,407.03768,450.10437,355.74272,3237.974,114.3758,-
All,1987,All,21.97197,19.75719,25.26006,404.60524,449.95539,351.9451,3220.507,117.6397,-
All,1988,All,21.86353,19.57179,25.20576,406.51876,454.11969,352.61548,3283.465,123.469,-
All,1989,All,21.42049,19.07833,24.78156,414.92705,465.86478,358.65232,3351.457,128.748,-
All,1990,All,21.15752,18.72132,24.61039,420.08667,474.75185,361.14877,3426.038,135.3422,-
All,1991,All,21.25642,18.75908,24.71816,418.15476,473.82065,359.59491,3409.555,137.9169,-
All,1992,All,20.79365,18.19781,24.36403,427.42784,488.39741,364.79234,3512.305,145.2572,-
All,1993,All,20.8794,18.22812,24.44455,425.63491,487.54351,363.55755,3518.93,146.8406,-
All,1994,All,20.37752,17.77373,23.78827,436.12068,500.01065,373.58978,3603.432,152.2823,-
All,1995,All,20.48563,17.7257,24.06812,433.83372,501.38187,369.25888,3612.509,158.1889,-
All,1996,All,20.43168,17.60332,24.0369,435.0069,504.89874,369.76297,3658.786,163.9606,-
All,1997,All,20.15038,17.35297,23.62041,441.06037,512.16145,376.26591,3727.285,169.2409,-
All,1998,All,20.09648,17.22728,23.59384,442.26071,515.91793,376.7046,3744.005,171.471,-
All,1999,All,19.69506,16.87145,23.04703,451.26399,526.78681,385.63273,3835.375,178.902,-
All,2000,All,19.76896,16.93153,23.04602,449.58574,524.92714,385.65762,3821.286,180.9861,-
All,2001,All,19.62363,16.80797,22.78645,452.92118,528.79289,390.05579,3879.288,186.9203,-
All,2002,All,19.45354,16.63745,22.54129,456.90374,534.23893,394.31726,3950.932,195.4821,-
All,2003,All,19.58451,16.67734,22.7148,453.84039,532.9512,391.29896,3998.835,198.5784,-
All,2004,All,19.2986,16.34174,22.43337,460.55651,543.88909,396.19983,4111.072,210.5212,-
All,2005,All,19.88375,16.78872,23.09573,447.07229,529.49006,384.89749,4059.441,209.0953,-
All,2006,All,20.1333,16.98233,23.41006,441.57021,523.49373,379.76825,4066.533,213.1841,-
All,2007,All,20.6039,17.38117,23.95452,431.37448,511.35658,371.0371,4093.315,216.9897,-
All,2008,All,20.96833,17.67455,24.39839,423.90716,502.90278,364.31396,4085.003,218.5559,48.85985
All,2009,All,22.40281,18.91546,26.03912,396.92541,470.1042,341.49614,3914.193,207.7209,47.93705
All,2010,All,22.59206,19.11219,26.1893,393.65429,465.33221,339.58148,4001.323,213.6361,48.54913
All,2011,All,22.28844,18.83713,25.86317,398.99558,472.11781,343.83319,4125.934,229.9718,49.54439
All,2012,All,23.56593,19.94669,27.30319,377.31888,445.79746,325.6596,3978.812,221.7796,48.81134
All,2013,All,24.17888,20.49116,27.97717,367.53789,433.74031,317.59572,4002.973,225.8506,49.08053
All,2014,All,24.11047,20.4402,27.88816,368.65513,434.90361,318.6782,4059.639,230.2484,49.72043
All,2015,All,24.64986,20.92874,28.46829,360.49589,424.68316,312.07392,4035.455,228.8536,49.4185
All,2016,All,24.70826,21.02,28.47909,359.3451,422.45529,311.72153,4035.013,229.997,49.51239
All,2017,All,24.86173,21.12898,28.68466,356.71804,419.80426,309.12662,4093.218,233.6287,49.82204
All,2018,All,25.10541,21.47085,28.78075,352.71839,412.58587,307.55516,4136.722,240.638,50.35439
All,2019,All,24.90831,21.32162,28.52864,355.65871,415.66335,310.39206,4155.617,245.0603,50.76884
All,2020,All,25.38311,21.91238,28.82768,348.77204,404.25285,306.9181,4166.238,245.8669,50.91728
All,2021,All,25.34024,22.1546,28.42346,348.24205,398.71693,310.16749,4287.392,252.2007,51.38513
BMW,1975,All,14.69368,13.38272,16.6922,604.81785,664.06536,532.40422,3213.783,138.2065,-
BMW,1976,All,15.64719,14.47793,17.36084,567.96151,613.83079,511.89906,3178.449,133.2854,-
BMW,1977,All,16.88407,15.49662,18.95869,526.35416,573.47998,468.75593,3055.938,128.7927,-
BMW,1978,All,16.36842,14.69587,19.01319,542.93584,604.72768,467.41248,3064.91,128.0398,-
BMW,1979,All,16.65964,15.0048,19.25514,533.445,592.277,461.53921,3150.911,132.3903,-
BMW,1980,All,21.26065,19.61237,23.69452,418.00228,453.13233,375.06555,3064.127,121.9733,-
BMW,1981,All,21.75489,20.07429,24.23465,408.50593,442.70553,366.70642,3004.663,117.2526,-
BMW,1982,All,21.58696,19.92571,24.03622,411.68381,446.00658,369.73375,2979.731,118.4601,-
BMW,1983,All,21.55032,19.81891,24.12643,412.3837,448.41023,368.35127,3019.453,126.4492,-
BMW,1984,All,22.98238,20.8959,26.17702,386.68762,425.29874,339.49626,2904.958,122.4933,-
BMW,1985,All,21.66213,19.39837,25.26581,411.76065,459.77672,353.07434,3190.847,129.0693,-
BMW,1986,All,21.24636,18.91711,24.90006,418.89137,470.4522,357.44562,3232.12,132.4146,-
BMW,1987,All,20.3318,18.00105,23.93364,437.09858,493.69334,371.31834,3235.812,146.9155,-
BMW,1988,All,18.00466,15.92595,21.13118,493.5943,558.02015,420.56331,3576.618,176.5322,-
BMW,1989,All,18.31651,16.2808,21.25411,485.19062,545.8576,418.13098,3493.828,184.3465,-
BMW,1990,All,18.40974,16.15552,21.67375,482.73347,550.09078,410.03515,3583.578,187.0657,-
BMW,1991,All,19.14252,16.63772,22.75097,464.25452,534.14758,390.6207,3557.409,182.554,-
BMW,1992,All,19.93818,17.07995,24.08767,445.72777,520.31782,368.94388,3648.426,185.8097,-
BMW,1993,All,20.90851,17.75821,25.44601,425.04221,500.44457,349.24922,3639.718,194.3674,-
BMW,1994,All,20.75436,17.5289,25.32833,428.19913,506.9914,350.87195,3660.418,197.7352,-
BMW,1995,All,20.84278,17.57449,25.36116,426.3827,505.67608,350.41774,3760.445,203.0469,-
BMW,1996,All,22.34681,18.97564,26.79628,397.68545,468.33741,331.65054,3453.167,180.8876,-
BMW,1997,All,21.05099,17.72114,25.4099,422.1654,501.49153,349.74554,3571.687,202.2726,-
BMW,1998,All,20.72315,17.38615,25.00054,428.844,511.15409,355.47228,3594.954,205.4915,-
BMW,1999,All,20.66633,17.25263,24.96643,430.02313,515.10975,355.95792,3675.658,198.8889,-
BMW,2000,All,19.94512,16.58542,24.09349,445.57265,535.83205,368.85477,3720.543,200.8902,-
BMW,2001,All,19.02744,15.98439,22.59589,467.0624,555.97993,393.30159,3958.763,225.9237,-
BMW,2002,All,20.09656,16.82603,23.85192,442.21507,528.16959,372.59058,3911.16,221.7764,-
BMW,2003,All,20.41724,17.02761,24.23319,435.26946,521.91696,366.72841,3810.624,215.392,-
BMW,2004,All,20.18993,16.61752,24.21112,440.16992,534.79709,367.06272,3807.097,217.4369,-
BMW,2005,All,20.19872,16.6619,24.0499,439.97846,533.37252,369.52329,3802.634,216.7289,-
BMW,2006,All,20.81946,17.0866,24.92778,426.86025,520.1153,356.50995,3779.217,231.4302,-
BMW,2007,All,21.4509,17.5979,25.69495,414.2949,505.00352,345.86558,3860.44,248.7019,-
BMW,2008,All,21.20061,17.37603,25.42178,419.18608,511.45184,349.58208,3960.529,259.8322,46.233
BMW,2009,All,21.90986,18.02197,26.16864,406.6181,494.32582,340.45262,3902.984,248.6076,45.4214
BMW,2010,All,22.11894,18.26597,26.30477,403.87825,489.03931,339.63393,3899.421,254.9807,45.78178
BMW,2011,All,22.64959,18.71925,26.91229,394.58177,477.44425,332.07147,4045.147,262.289,46.7829
BMW,2012,All,23.53401,19.74701,27.51463,380.20532,453.05973,325.24498,4070.738,264.2034,47.33868
BMW,2013,All,24.30114,20.2185,28.66816,366.24242,440.17913,310.46561,4012.19,267.1041,47.3745
BMW,2014,All,26.10456,21.73755,30.76751,340.99678,409.76701,289.11748,4016.625,264.8449,47.83606
BMW,2015,All,26.06036,21.66323,30.7723,341.18748,410.60212,288.82206,4005.659,262.9726,47.5175
BMW,2016,All,25.39662,21.22935,29.8112,349.18006,417.53912,297.61094,4079.652,262.5727,47.95946
BMW,2017,All,25.76831,21.67612,30.04768,342.32916,406.88812,293.62679,4107.224,256.648,47.92794
BMW,2018,All,25.98177,21.80164,30.37532,339.23188,403.63331,290.64834,4189.961,267.7994,48.28867
BMW,2019,All,26.16839,22.1656,30.2956,337.17953,397.80912,291.44143,4248.354,277.0029,49.26009
BMW,2020,All,25.52957,21.88216,29.20149,346.85679,404.40807,303.44092,4324.269,303.51,49.67683
BMW,2021,All,25.47971,22.21684,28.6544,344.76798,394.70891,307.09324,4394.195,300.6393,49.44044
Ford,1975,All,11.49702,10.50792,12.99166,772.9829,845.74275,684.0542,4212.492,140.07,-
Ford,1976,All,13.35717,12.46865,14.63151,665.33575,712.74765,607.38787,4250.931,134.3488,-
Ford,1977,All,13.8571,12.85832,15.31065,641.33178,691.14777,580.44557,4311.94,147.2797,-
Ford,1978,All,14.94157,13.72382,16.75912,594.78343,647.56021,530.27847,3989.882,135.2534,-
Ford,1979,All,14.77059,13.69544,16.33822,601.66872,648.902,543.93915,3811.835,130.5464,-
Ford,1980,All,17.6913,16.25304,19.83679,502.33719,546.79011,448.00584,3458.905,111.693,-
Ford,1981,All,18.40758,16.91175,20.6387,482.79036,525.49252,430.59881,3370.616,107.8088,-
Ford,1982,All,18.82681,17.17247,21.33941,472.03967,517.51441,416.45942,3349.966,104.9865,-
Ford,1983,All,18.66331,16.97932,21.23771,476.32759,523.55797,418.60156,3428.08,109.7642,-
Ford,1984,All,19.40396,17.70741,21.97754,458.45918,502.37409,404.7854,3418.605,111.0762,-
Ford,1985,All,19.96683,18.2147,22.62708,445.23038,488.05581,392.88819,3406.268,121.8592,-
Ford,1986,All,20.30638,18.40482,23.15595,437.76055,482.986,383.89359,3474.604,123.3031,-
Ford,1987,All,20.37211,18.25618,23.5417,436.29104,486.85586,377.5528,3476.392,123.6594,-
Ford,1988,All,20.59616,18.39259,23.83042,431.4881,483.18371,372.9267,3488.421,130.2637,-
Ford,1989,All,20.42134,18.16899,23.663,435.182,489.13006,375.56522,3571.027,128.0415,-
Ford,1990,All,19.89587,17.56163,23.22572,446.67566,506.04635,382.63612,3668.733,133.683,-
Ford,1991,All,20.24431,17.8154,23.63635,438.98765,498.8381,375.98874,3626.034,141.5541,-
Ford,1992,All,19.65651,17.1833,23.06915,452.11488,517.18817,385.23317,3792.675,149.301,-
Ford,1993,All,20.37732,17.74154,23.94613,436.12213,500.91473,371.12462,3677.676,144.8573,-
Ford,1994,All,19.73228,17.10428,23.228,450.37866,519.57752,382.5986,3792.461,150.3896,-
Ford,1995,All,19.92612,17.09418,23.67974,445.99753,519.88453,375.2997,3790.931,151.9904,-
Ford,1996,All,19.2441,16.48715,22.80664,461.80392,539.02569,389.66728,3871.194,159.4454,-
Ford,1997,All,18.79225,16.1591,22.07105,472.9078,549.9688,402.65422,3992.206,171.5815,-
Ford,1998,All,18.73708,16.02417,22.063,474.30025,554.59968,402.80108,3982.36,172.5266,-
Ford,1999,All,18.50941,15.77627,21.79213,480.13418,563.31444,407.80779,4034.157,181.3996,-
Ford,2000,All,18.64033,15.91647,21.80827,476.76195,558.35228,407.50588,4029.534,187.086,-
Ford,2001,All,18.20995,15.56356,21.19732,488.02982,571.01322,419.25111,4101.605,196.645,-
Ford,2002,All,18.08193,15.45379,20.96831,491.48516,575.06938,423.83016,4106.512,198.2051,-
Ford,2003,All,17.84251,15.18398,20.7094,498.08011,585.28797,429.1288,4283.979,206.3946,-
Ford,2004,All,17.01673,14.48054,19.67849,522.25077,613.72041,451.60982,4595.274,222.0374,-
Ford,2005,All,18.12266,15.45381,20.83738,490.38056,575.06851,426.49315,4390.806,214.2434,-
Ford,2006,All,18.03103,15.28602,20.85645,492.87268,581.38105,426.10321,4466.771,220.7297,-
Ford,2007,All,18.87513,15.91936,21.94956,470.83121,558.25107,404.8829,4295.139,215.6469,-
Ford,2008,All,19.33515,16.29127,22.5076,459.62929,545.5069,394.84443,4282.945,221.4304,51.09389
Ford,2009,All,20.46328,17.32136,23.84095,434.29016,513.06606,372.76204,4200.085,223.607,50.73896
Ford,2010,All,20.42485,17.31903,23.6203,435.10729,513.13508,376.24422,4366.565,231.4312,51.89109
Ford,2011,All,21.02658,17.87337,24.25458,422.65554,497.22011,366.40508,4375.463,252.6517,52.13163
Ford,2012,All,22.66097,19.21806,26.20215,392.14006,462.39963,339.13722,4152.548,240.4974,50.9167
Ford,2013,All,22.23815,18.82047,25.76817,399.56908,472.14277,344.8205,4487.814,264.6392,53.42463
Ford,2014,All,22.69922,19.16883,26.36189,391.42799,463.53924,337.02828,4335.389,253.717,52.39901
Ford,2015,All,22.8447,19.26379,26.57074,388.94727,461.26538,334.39151,4271.786,263.1427,53.10194
Ford,2016,All,22.81459,19.22037,26.56166,389.09172,461.78019,334.25656,4269.156,260.945,53.30583
Ford,2017,All,22.86587,19.29876,26.57084,388.1951,459.87002,334.12455,4359.822,261.9203,52.52872
Ford,2018,All,22.42136,19.10311,25.80246,396.52536,465.36876,344.59088,4475.529,283.5034,55.33967
Ford,2019,All,22.50912,19.30859,25.72602,394.76368,460.14263,345.44272,4482.096,285.3047,55.28709
Ford,2020,All,23.01148,19.89375,26.09681,386.05141,446.50309,340.4475,4537.199,290.2581,55.38551
Ford,2021,All,22.67477,19.98668,25.23513,390.06304,442.9297,350.20111,4740.324,305.1888,57.20625
GM,1975,All,12.65984,11.71405,14.04591,701.98366,758.66135,632.71094,4431.756,150.3929,-
GM,1976,All,13.66514,12.6999,15.06452,650.34118,699.76931,589.92901,4372.526,147.0813,-
GM,1977,All,14.61495,13.70837,15.90015,608.07608,648.29024,558.92544,4201.14,145.34,-
GM,1978,All,15.18227,14.17492,16.6264,585.9708,627.60761,535.08136,3898.109,139.1122,-
GM,1979,All,15.28753,14.4239,16.49462,583.24729,618.17954,540.55232,3927.839,135.4843,-
GM,1980,All,18.13271,16.60683,20.42666,493.23061,538.59348,437.78711,3494.518,116.4906,-
GM,1981,All,19.25397,17.50809,21.9263,466.08185,512.62671,409.19369,3538.07,113.82,-
GM,1982,All,20.09309,18.03088,23.35827,446.79814,497.85134,384.39978,3490.354,114.7609,-
GM,1983,All,19.53798,17.45551,22.8732,456.81646,511.30225,390.22271,3582.166,120.1027,-
GM,1984,All,20.0344,17.88126,23.49169,444.50119,498.00152,379.11189,3497.777,118.1249,-
GM,1985,All,20.511,18.21827,24.23935,433.66749,488.23354,366.97566,3497.243,120.727,-
GM,1986,All,21.41049,19.00132,25.22151,415.33155,467.97829,352.58978,3365.795,119.9903,-
GM,1987,All,21.44921,18.88913,25.46045,414.44616,470.61207,349.15661,3385.937,129.151,-
GM,1988,All,21.34297,18.77452,25.26161,416.50331,473.48066,351.89711,3444.107,133.3176,-
GM,1989,All,20.89913,18.29483,24.80601,425.32804,485.871,358.34332,3476.631,142.7462,-
GM,1990,All,20.61051,17.91223,24.6148,431.28595,496.25202,361.12779,3560.287,145.6419,-
GM,1991,All,20.79288,18.00176,24.85425,427.49086,493.77011,357.63783,3499.759,144.2033,-
GM,1992,All,20.30683,17.43379,24.45399,437.68507,509.81339,363.45909,3584.554,152.1871,-
GM,1993,All,20.31039,17.48131,24.25139,437.5593,508.37162,366.45316,3630.576,156.8979,-
GM,1994,All,20.00746,17.27094,23.68444,444.1844,514.56386,375.22529,3699.775,161.1818,-
GM,1995,All,19.8319,17.00292,23.58717,448.11642,522.67479,376.77257,3759.654,170.3101,-
GM,1996,All,20.40939,17.41031,24.32455,435.50853,510.52559,365.41443,3766.028,178.8112,-
GM,1997,All,20.11608,17.14842,23.88662,441.81844,518.27647,372.07833,3841.121,185.3327,-
GM,1998,All,20.1107,17.07794,23.88938,441.92874,520.40695,372.02789,3780.807,184.8819,-
GM,1999,All,19.44276,16.58798,22.8636,457.0863,535.75069,388.69744,3934.969,190.1475,-
GM,2000,All,19.43615,16.54464,22.82231,457.24078,537.15268,389.39963,3962.425,192.5639,-
GM,2001,All,19.36813,16.52098,22.59579,458.84663,537.92215,393.30341,4032.107,198.4217,-
GM,2002,All,18.78655,15.92385,21.98712,473.05128,558.09377,404.19122,4210.27,216.4096,-
GM,2003,All,18.69863,15.78629,21.89274,475.27546,562.95683,405.93361,4271.543,215.0516,-
GM,2004,All,18.88777,15.88145,22.12237,470.5162,559.58366,401.72012,4287.276,224.6777,-
GM,2005,All,19.13602,15.99159,22.46896,464.41212,555.72973,395.5234,4275.537,224.8396,-
GM,2006,All,19.58085,16.35152,23.00887,453.86177,543.49686,386.24232,4182.546,223.6541,-
GM,2007,All,19.14792,15.94658,22.56535,464.12355,557.29828,393.83384,4492.047,240.7288,-
GM,2008,All,19.64955,16.29961,23.25511,452.27492,545.22787,382.15251,4421.156,238.905,51.55719
GM,2009,All,20.58979,17.11545,24.31298,431.62177,519.23855,365.5249,4304.756,235.1431,51.46191
GM,2010,All,21.26286,17.54686,25.30572,417.9588,506.47242,351.18536,4349.11,244.947,51.53114
GM,2011,All,20.65983,17.12186,24.47507,430.15834,519.04416,363.10414,4565.567,254.3339,53.3631
GM,2012,All,21.6914,17.93276,25.76533,409.26946,495.00306,344.59324,4391.94,244.1557,52.04327
GM,2013,All,22.04622,18.27797,26.10649,402.45972,485.37506,339.90956,4398.796,248.7732,51.9154
GM,2014,All,22.67799,18.89203,26.71705,391.48409,469.90966,332.32094,4410.291,255.2509,53.24794
GM,2015,All,22.2454,18.54793,26.18291,399.2161,478.79863,339.18015,4602.432,272.0209,53.92461
GM,2016,All,22.39726,18.66918,26.36971,396.75924,476.01256,336.97165,4517.856,263.6389,53.17738
GM,2017,All,22.82027,19.02276,26.86628,388.18299,465.86165,329.5833,4520.192,264.8199,53.52012
GM,2018,All,23.00494,19.42078,26.72581,385.9766,457.26925,332.19442,4543.378,269.4702,54.43369
GM,2019,All,22.46647,19.05712,25.97162,394.98104,465.80713,341.55083,4437.974,273.2251,54.17217
GM,2020,All,23.03651,19.7651,26.32329,385.8118,449.88354,337.47698,4403.156,265.0531,54.49177
GM,2021,All,21.51264,18.63157,24.35357,415.49127,479.7074,367.04753,4760.878,288.9931,57.28944
Honda,1975,All,26.73205,24.52074,30.04347,332.44742,362.42783,295.8047,2000,54.2276,-
Honda,1976,All,27.7782,25.62241,30.96215,319.92714,346.84477,287.02783,2020.645,56.1541,-
Honda,1977,All,30.24422,28.17729,33.22282,293.84126,315.39579,267.49683,2085.068,62.4673,-
Honda,1978,All,28.62626,27.41315,30.26308,310.44924,324.18743,293.65812,2125.731,63.1319,-
Honda,1979,All,24.66368,23.35477,26.47734,360.32744,380.5218,335.64544,2307.891,64.2446,-
Honda,1980,All,24.79906,23.39692,26.75905,358.36033,379.8363,332.11191,2330,67.9808,-
Honda,1981,All,26.15433,24.90213,27.86703,339.79073,356.87713,318.90735,2342.626,71.1884,-
Honda,1982,All,28.39751,27.02558,30.27598,312.94997,328.83658,293.533,2353.727,71.4724,-
Honda,1983,All,29.98847,28.21452,32.48477,296.34727,314.97966,273.57436,2379.661,73.5538,-
Honda,1984,All,29.94806,27.68333,33.27519,296.74706,321.02352,267.07582,2379.815,84.3079,-
Honda,1985,All,28.75468,26.57931,31.9508,309.06269,334.35782,278.14643,2432.427,84.4769,-
Honda,1986,All,28.4728,26.18179,31.78149,312.12245,339.43439,279.62815,2564.539,89.8552,-
Honda,1987,All,27.73391,25.36154,31.10657,320.438,350.41249,285.69524,2632.956,92.9923,-
Honda,1988,All,26.74169,24.37596,30.03442,332.32755,364.58048,295.89385,2769.748,105.2522,-
Honda,1989,All,26.2212,23.87283,29.40577,338.92423,372.26414,302.21957,2800.162,110.2078,-
Honda,1990,All,25.37107,23.1086,28.34866,350.28084,384.57544,313.48924,2884.394,121.2141,-
Honda,1991,All,25.19746,22.8954,28.15978,352.69432,388.15663,315.59198,2913.081,129.5877,-
Honda,1992,All,25.68212,22.84181,29.43147,346.03842,389.06718,301.95571,3015.46,135.356,-
Honda,1993,All,26.53964,23.63964,30.24601,334.85759,375.9364,293.82384,2976.768,124.7867,-
Honda,1994,All,25.89959,23.00791,29.51751,343.1329,386.25847,301.07553,3084.142,134.3903,-
Honda,1995,All,26.50893,23.5106,30.17063,335.24557,377.99968,294.55801,3015.677,130.8725,-
Honda,1996,All,25.29815,22.29846,28.91595,351.29058,398.54762,307.33903,3105.716,136.5856,-
Honda,1997,All,25.15891,22.27992,28.49923,353.23471,398.87944,311.83302,3097.253,133.7336,-
Honda,1998,All,25.03751,21.98008,28.56059,354.9474,404.32063,311.16306,3231.457,144.3349,-
Honda,1999,All,23.94213,20.82,27.52053,371.18662,426.84922,322.92259,3345.433,156.3224,-
Honda,2000,All,23.75978,20.48939,27.47631,374.03541,433.73664,323.44231,3381.114,158.9594,-
Honda,2001,All,23.99532,20.62905,27.74287,370.36381,430.80036,320.33458,3427.72,162.437,-
Honda,2002,All,23.86664,20.40175,27.66755,372.36071,435.59994,321.20659,3461.625,170.6167,-
Honda,2003,All,23.2685,19.66867,27.20459,381.93273,451.83526,326.67282,3625.799,185.8269,-
Honda,2004,All,23.07746,19.51399,26.86586,385.0943,455.4168,330.79161,3633.458,187.008,-
Honda,2005,All,23.13997,19.44246,27.01585,384.05405,457.09229,328.95502,3659.44,193.3882,-
Honda,2006,All,23.01173,19.28512,26.93874,386.19439,460.8216,329.89667,3734.866,196.2365,-
Honda,2007,All,23.27681,19.53408,27.20971,381.79625,454.94841,326.6113,3712.919,192.5807,-
Honda,2008,All,23.87707,20.01595,27.94349,372.19805,443.99596,318.03471,3681.146,191.4198,46.48482
Honda,2009,All,24.62957,20.67564,28.7818,360.82644,429.82949,308.7715,3626.354,186.8664,46.30168
Honda,2010,All,24.92316,20.96027,29.0693,356.57523,423.99189,305.71706,3686.026,193.393,46.41016
Honda,2011,All,23.89925,20.24751,27.66299,371.84988,438.91523,321.25672,3847.969,201.1072,47.36481
Honda,2012,All,26.31626,22.1089,30.72754,337.69994,401.96484,289.2194,3644.774,192.0338,46.80058
Honda,2013,All,27.19169,23.03568,31.47564,326.80338,385.77158,282.31859,3605.745,191.8328,46.28336
Honda,2014,All,26.97831,22.98418,31.04864,329.38077,386.62938,286.19323,3701.345,201.0229,47.00553
Honda,2015,All,28.49802,24.48855,32.51397,311.84619,362.90431,273.32865,3639.161,194.0655,46.46969
Honda,2016,All,28.19015,24.18575,32.21373,315.25196,367.44779,275.87615,3680.32,206.9042,47.02018
Honda,2017,All,29.40652,25.2364,33.59426,302.06608,352.01373,264.38628,3594.878,202.6645,47.13898
Honda,2018,All,29.98078,25.92487,33.9927,295.57726,341.76107,260.73684,3594.87,201.7212,47.41127
Honda,2019,All,28.88833,25.01626,32.70742,307.35857,354.92258,271.47694,3661.499,207.121,47.78924
Honda,2020,All,29.0824,25.3637,32.69905,305.44039,350.21535,271.66279,3710.65,207.3102,47.69285
Honda,2021,All,29.03752,25.75086,32.13125,305.32415,344.214,275.9862,3776.689,205.1266,47.35032
Hyundai,1986,All,29.50005,27.94042,31.59155,301.25377,318.0697,281.3094,2500,68,-
Hyundai,1987,All,28.99627,27.51796,30.90659,306.4877,322.95276,287.54387,2500,68,-
Hyundai,1988,All,28.69215,27.22,30.537,309.73632,326.48791,291.02397,2500,68,-
Hyundai,1989,All,27.75856,25.19046,31.26952,320.15354,352.79235,284.20646,2580.206,74.7373,-
Hyundai,1990,All,27.56661,25.1528,30.72724,322.38278,353.32048,289.22222,2635.614,89.0456,-
Hyundai,1991,All,27.11118,24.58057,30.38404,327.7984,361.54572,292.48906,2631.509,88.8602,-
Hyundai,1992,All,25.74401,23.01932,29.29251,345.20647,386.06694,303.38811,2776.065,99.0156,-
Hyundai,1993,All,25.60753,22.98708,28.89283,347.04629,386.60842,307.58501,2790.266,104.1224,-
Hyundai,1994,All,26.88995,23.76952,30.84187,330.49525,373.88213,288.14728,2665.798,98.0132,-
Hyundai,1995,All,25.35978,22.08538,29.54204,350.4368,402.39284,300.82551,2812.677,112.0656,-
Hyundai,1996,All,26.78697,23.04053,31.57838,331.76579,385.71158,281.42672,2720.394,108.7869,-
Hyundai,1997,All,25.35033,21.75128,29.85114,350.56746,408.57359,297.71057,2820.059,115.9358,-
Hyundai,1998,All,24.89044,21.42432,29.07301,357.04476,414.80892,305.67867,2830.568,114.6055,-
Hyundai,1999,All,24.8014,20.9115,29.58855,358.3265,424.98154,300.35265,2948.388,126.3107,-
Hyundai,2000,All,24.35841,20.42714,29.11873,364.84315,435.0585,305.19875,3024.411,129.7427,-
Hyundai,2001,All,24.13301,20.34362,28.54099,368.25082,436.84457,311.37672,3217.944,137.341,-
Hyundai,2002,All,23.55728,19.81794,27.80561,377.25061,448.43214,319.61173,3290.646,141.9282,-
Hyundai,2003,All,22.83292,19.25548,26.76465,389.2187,461.53095,332.04247,3365.068,148.0652,-
Hyundai,2004,All,21.99775,18.48668,25.77909,403.99589,480.72462,344.7368,3478.766,154.8353,-
Hyundai,2005,All,22.46163,18.92782,26.14382,395.65245,469.52059,339.92736,3417.481,152.0281,-
Hyundai,2006,All,22.91185,19.0588,27.03502,387.87781,466.29386,328.72184,3612.333,182.9597,-
Hyundai,2007,All,23.20406,19.58174,26.96734,382.99332,453.84113,329.54672,3647.317,183.4354,-
Hyundai,2008,All,24.43355,20.62032,28.39479,363.72112,430.98274,312.97991,3486.023,168.458,44.71545
Hyundai,2009,All,25.05507,21.01698,29.30224,354.69873,422.84864,303.28738,3519.95,178.9776,45.1343
Hyundai,2010,All,27.00315,22.92232,31.19236,329.10972,387.7007,284.90952,3342.67,167.3887,45.11501
Hyundai,2011,All,26.89448,22.3078,31.83186,330.43958,398.38081,279.18566,3495.171,196.9701,46.97088
Hyundai,2012,All,28.04818,23.68695,32.57239,316.84767,375.1855,272.83843,3384.157,189.0855,46.22879
Hyundai,2013,All,28.98618,24.45088,33.70205,306.5944,363.46345,263.69318,3313.046,183.5964,46.16583
Hyundai,2014,All,27.21862,23.07408,31.48489,326.50441,385.15084,282.26236,3389.512,186.3991,46.23398
Hyundai,2015,All,27.45149,23.13965,31.94159,323.71495,384.03936,278.20707,3479.651,190.7713,47.18093
Hyundai,2016,All,28.75555,24.58074,32.98129,308.95447,361.41096,269.38203,3376.391,174.3861,46.34409
Hyundai,2017,All,28.56702,24.39543,32.79793,310.96355,364.13169,270.85424,3457.585,176.3049,46.49965
Hyundai,2018,All,28.55494,24.51514,32.60863,311.13986,362.40403,272.46688,3469.591,175.2644,46.60752
Hyundai,2019,All,28.51925,24.83897,32.10809,310.59654,356.70752,275.81106,3494.087,173.8821,46.64418
Hyundai,2020,All,28.42597,24.7957,31.95536,311.84677,357.63151,277.3074,3574.039,181.7246,47.24455
Hyundai,2021,All,28.97387,25.48523,32.31048,305.179,347.27768,273.42035,3641.169,194.8268,47.66221
Kia,1993,All,26.13454,23.4273,29.54129,340.048,379.3437,300.83319,2750,82,-
Kia,1994,All,26.9255,24.35005,30.0073,330.05882,364.96853,296.16126,2750,88,-
Kia,1995,All,23.26381,20.66898,26.42303,382.00968,429.96793,336.33544,3005.664,102.5787,-
Kia,1996,All,22.36333,19.79343,25.43496,397.39156,448.98728,349.40094,2931.542,123.3562,-
Kia,1997,All,22.66898,20.11556,25.62064,392.03352,441.79731,346.86873,3016.202,124.127,-
Kia,1998,All,22.77765,19.98123,26.00826,390.1632,444.76742,341.69918,3024.373,126.8292,-
Kia,1999,All,22.50627,19.74499,25.61015,394.86772,450.08878,347.01082,3050.784,127.0052,-
Kia,2000,All,21.72184,18.94651,24.79854,409.12741,469.05735,358.36793,3047.764,126.9851,-
Kia,2001,All,22.35927,19.53101,25.40111,397.46384,455.02002,349.86654,2972.226,121.0073,-
Kia,2002,All,20.66447,17.9526,23.53889,430.06177,495.02572,377.54534,3483.062,135.8679,-
Kia,2003,All,19.93507,17.01904,23.0582,445.79729,522.17978,385.41611,3720.522,151.3231,-
Kia,2004,All,20.18399,16.91109,23.73155,440.29936,525.5132,374.48032,3822.249,160.0195,-
Kia,2005,All,19.63857,16.30119,23.22571,452.52792,545.17493,382.63631,4004.677,167.9475,-
Kia,2006,All,21.59427,18.07353,25.31434,411.54439,491.71367,351.06581,3698.06,169.3308,-
Kia,2007,All,22.49439,18.9832,26.14208,395.07633,468.15068,339.95006,3685.615,179.056,-
Kia,2008,All,22.88472,19.31668,26.5899,388.33764,460.06878,334.22468,3647.296,174.5222,45.65677
Kia,2009,All,24.18877,20.65067,27.77923,367.40187,430.34926,319.91524,3481.254,166.897,44.86203
Kia,2010,All,26.96651,23.23753,30.68065,329.55694,382.44171,289.66141,3168.509,157.1743,44.59024
Kia,2011,All,25.64108,22.14857,29.10306,346.59223,401.24484,305.36306,3563.477,185.7368,45.92225
Kia,2012,All,26.23225,22.50879,29.9726,338.78152,394.82356,296.50418,3490.203,190.9926,46.19375
Kia,2013,All,27.24594,23.40277,31.09857,326.177,379.74145,285.76873,3361.152,183.2497,45.54752
Kia,2014,All,25.66228,21.90255,29.47979,346.3059,405.75181,301.46075,3438.415,186.5823,46.06757
Kia,2015,All,26.06393,22.11238,30.12514,340.84997,401.79973,294.87032,3453.195,187.4736,46.65471
Kia,2016,All,26.23074,22.39154,30.12761,338.46407,396.60336,294.60461,3507.865,187.4667,47.0806
Kia,2017,All,27.14083,23.39867,30.86463,327.06288,379.41969,287.56563,3592.416,185.6254,47.2053
Kia,2018,All,27.78682,23.94066,31.61887,319.4265,370.70183,280.74511,3521.023,182.2523,46.86244
Kia,2019,All,28.06764,24.40846,31.64667,315.65341,363.03146,279.91207,3585.174,185.5888,47.04353
Kia,2020,All,27.70088,24.09696,31.22371,320.00553,367.96609,283.82475,3621.667,193.3147,47.46475
Kia,2021,All,28.0906,24.71275,31.32012,315.94061,359.1865,283.31651,3595.963,192.1531,47.62826
Mazda,1975,All,14.57325,13.238,16.62247,609.81588,671.32513,534.6379,2823.151,114.8201,-
Mazda,1976,All,18.16984,16.50185,20.73097,489.10712,538.54566,428.68223,2873.4,114.2336,-
Mazda,1977,All,24.48623,22.74488,27.01403,362.93868,390.72535,328.97721,2571.994,80.8085,-
Mazda,1978,All,29.94373,28.67911,31.64948,296.78997,309.87714,280.79453,2312.338,54.8682,-
Mazda,1979,All,22.00559,19.9896,25.09945,403.85189,444.58123,354.07157,2573.831,90.8601,-
Mazda,1980,All,22.34188,20.39223,25.29806,397.77313,435.80334,351.29176,2577.98,78.2319,-
Mazda,1981,All,26.4149,24.75635,28.77073,336.43888,358.97862,308.8903,2493.167,76.496,-
Mazda,1982,All,25.24183,23.59559,27.59494,353.42358,378.03884,323.33825,2578.014,77.9574,-
Mazda,1983,All,24.99625,23.03706,27.89586,356.18559,386.44154,319.2061,2614.28,81.7694,-
Mazda,1984,All,25.43518,23.43224,28.40246,349.90853,379.79354,313.38241,2701.564,80.7673,-
Mazda,1985,All,25.28988,23.09452,28.6144,351.59434,385.01154,310.75109,2546.579,84.6409,-
Mazda,1986,All,24.33757,22.09452,27.68426,365.15555,402.2265,321.01273,2827.823,92.5196,-
Mazda,1987,All,23.43577,21.17488,26.75125,379.2066,419.69534,332.20881,2881.895,94.8894,-
Mazda,1988,All,23.53666,21.18067,26.9264,377.58124,419.58075,330.04778,2908.742,106.7229,-
Mazda,1989,All,23.23735,20.94005,26.43717,382.44459,424.4021,336.15544,3022.305,105.8832,-
Mazda,1990,All,22.94006,20.59115,26.151,387.4009,431.59319,339.83401,3062.714,114.7194,-
Mazda,1991,All,22.62053,20.2523,25.78709,392.87322,438.81436,344.62979,3123.272,116.8874,-
Mazda,1992,All,22.99353,20.53472,26.2087,386.50004,432.77912,339.08592,3143.294,121.6325,-
Mazda,1993,All,23.64527,20.9544,27.13112,375.84685,424.11133,327.5574,3022.785,123.7974,-
Mazda,1994,All,22.73813,20.06444,26.14169,390.84131,442.92281,339.95507,3170.292,126.8063,-
Mazda,1995,All,24.29053,21.13508,28.33013,365.86279,420.48578,313.69433,3095.546,124.7291,-
Mazda,1996,All,24.80198,21.56572,28.83551,358.31816,412.08927,308.19638,2990.636,120.3402,-
Mazda,1997,All,24.28844,21.10144,28.15851,365.89422,421.156,315.60619,3003.612,121.05,-
Mazda,1998,All,22.6986,19.78675,26.1116,391.52189,449.13889,340.34681,3219.145,128.3854,-
Mazda,1999,All,23.36654,20.43678,26.68151,380.33011,434.85334,333.07709,3053.576,129.4206,-
Mazda,2000,All,22.28524,19.48328,25.37464,398.78421,456.13471,350.23163,3228.266,137.5738,-
Mazda,2001,All,21.191,18.36556,24.28309,419.3762,483.89497,365.97478,3337.68,153.1994,-
Mazda,2002,All,21.92359,18.98539,25.05874,405.36251,468.09674,354.6467,3287.494,155.0044,-
Mazda,2003,All,21.90263,18.8332,25.13976,405.75038,471.87937,353.50378,3378.792,166.5837,-
Mazda,2004,All,21.54839,18.37175,24.86845,412.42064,483.73169,357.3604,3392.356,186.017,-
Mazda,2005,All,22.09686,19.01325,25.17723,402.18392,467.41079,352.97768,3393.81,175.9587,-
Mazda,2006,All,23.193,19.85298,26.56446,383.17598,447.64062,334.54476,3303.049,172.9889,-
Mazda,2007,All,22.66345,19.32507,26.05949,392.12924,459.86897,341.02733,3441.798,187.0596,-
Mazda,2008,All,23.0813,19.73705,26.46401,385.03037,450.26996,335.81455,3447.556,183.6589,44.67016
Mazda,2009,All,23.22045,19.78113,26.72593,382.72305,449.26658,332.52354,3508.815,187.2576,45.776
Mazda,2010,All,24.44508,20.70172,28.30638,363.54962,429.28807,313.95745,3454.235,177.6314,45.39578
Mazda,2011,All,24.75829,21.15549,28.40794,358.95042,420.08012,312.83503,3393.806,173.2723,45.29212
Mazda,2012,All,26.81493,22.86854,30.82826,331.41985,388.61252,288.2745,3329.749,170.561,44.90033
Mazda,2013,All,27.79807,24.05353,31.49706,319.69849,369.46765,282.15333,3295.055,165.4477,44.70774
Mazda,2014,All,29.0193,25.14397,32.8373,306.24447,353.44458,270.63737,3433.101,174.7125,46.0392
Mazda,2015,All,29.2049,25.20784,33.173,304.29829,352.5491,267.89856,3472.806,178.392,46.34634
Mazda,2016,All,29.5562,25.85628,33.13286,300.68146,343.70761,268.22313,3507.121,176.7092,45.99664
Mazda,2017,All,29.04931,25.11036,32.94832,305.92806,353.9176,269.72543,3568.974,177.5957,45.98772
Mazda,2018,All,28.68086,24.91199,32.37589,309.86345,356.74137,274.49941,3768.84,187.1961,46.45766
Mazda,2019,All,27.80803,24.41832,31.06079,319.68019,364.05052,286.20783,3831.159,190.7205,46.25664
Mazda,2020,All,27.87588,24.34722,31.29779,318.80604,365.01085,283.94978,3836.511,192.4631,46.32239
Mazda,2021,All,27.43913,24.06776,30.68133,323.88048,369.24915,289.65499,3800.704,194.9229,46.19894
Mercedes,1975,All,14.70973,13.534,16.45708,623.74563,677.26478,558.33335,3933.828,123.7352,-
Mercedes,1976,All,15.85461,14.68386,17.56643,590.0952,635.89943,534.11226,3924.366,110.4482,-
Mercedes,1977,All,16.31644,15.4407,17.53174,573.24155,604.83885,534.62262,3930.585,116.5679,-
Mercedes,1978,All,15.89801,14.7354,17.59472,588.60043,633.70735,533.46974,3971.459,128.4329,-
Mercedes,1979,All,17.41057,16.36649,18.88286,548.03095,581.32086,507.34329,3949.518,118.6649,-
Mercedes,1980,All,20.30241,19.46444,21.43001,480.32762,500.32636,455.8847,3780.852,101.5791,-
Mercedes,1981,All,21.69525,21.1004,22.46945,451.06904,463.06581,436.40633,3747.266,103.2452,-
Mercedes,1982,All,22.2821,21.5411,23.26003,440.397,455.27662,422.21079,3889.729,115.4543,-
Mercedes,1983,All,22.42561,21.37506,23.85883,417.22497,437.28725,392.70441,3477.815,107.2507,-
Mercedes,1984,All,22.08689,20.85991,23.79774,415.05523,439.1158,385.64787,3329.512,113.9979,-
Mercedes,1985,All,19.62952,18.55403,21.12623,474.22045,501.36782,441.04034,3699.926,134.0871,-
Mercedes,1986,All,17.90609,16.56237,19.81991,500.18377,540.60801,452.07244,3686.085,180.494,-
Mercedes,1987,All,18.61285,17.27156,20.45304,488.62345,526.28817,444.99082,3647.985,176.3154,-
Mercedes,1988,All,17.78644,16.34946,19.74792,499.99898,543.93549,450.34704,3650.437,182.3788,-
Mercedes,1989,All,17.82522,16.3736,19.75411,498.75634,542.97184,450.05791,3743.152,185.6439,-
Mercedes,1990,All,17.79946,16.10238,20.07665,501.03678,553.80566,444.24736,3828.799,190.0228,-
Mercedes,1991,All,18.56758,16.53355,21.32659,482.9494,542.23073,420.61287,3836.136,187.6179,-
Mercedes,1992,All,18.17669,16.05035,21.039,492.09695,557.17504,425.26821,3995.72,213.3341,-
Mercedes,1993,All,18.92394,16.69003,21.85511,469.61674,532.47349,406.63267,4147.069,216.2402,-
Mercedes,1994,All,19.5682,17.06533,22.84873,454.81117,521.51739,389.50936,4099.017,228.4332,-
Mercedes,1995,All,20.29569,17.66053,23.67041,440.49973,506.16775,377.75574,4082.009,217.9633,-
Mercedes,1996,All,20.7918,17.78604,24.6886,429.32812,501.8271,361.61665,4016.454,199.9279,-
Mercedes,1997,All,20.63856,17.40245,24.85786,431.81912,512.06334,358.5748,4013.587,225.1008,-
Mercedes,1998,All,20.71909,17.73713,24.36544,429.93715,502.22556,365.5892,4040.012,213.4094,-
Mercedes,1999,All,19.95777,17.11245,23.32871,446.41019,520.64609,381.89604,4170.731,225.2112,-
Mercedes,2000,All,19.26575,16.49474,22.46912,461.28488,538.77796,395.52053,4390.074,239.4833,-
Mercedes,2001,All,19.42563,16.49181,22.78628,457.48838,538.87348,390.01535,4265.718,238.6426,-
Mercedes,2002,All,18.77352,16.0703,21.73206,473.37961,553.00782,408.93504,4120.349,231.078,-
Mercedes,2003,All,18.8938,16.0229,22.01232,470.36594,554.6435,403.72846,4097.899,247.0299,-
Mercedes,2004,All,19.05903,16.07177,22.25366,466.28813,552.9572,399.35,4130.722,243.7076,-
Mercedes,2005,All,19.3338,16.32067,22.46222,461.25608,546.45781,396.98109,4000.664,240.7447,-
Mercedes,2006,All,18.80553,15.73429,22.05284,473.54467,565.99456,403.80178,4322.753,268.7759,-
Mercedes,2007,All,18.08024,15.0704,21.28752,493.53374,592.04541,419.21791,4515.801,296.5404,-
Mercedes,2008,All,19.28845,16.15485,22.59475,464.05246,553.93878,396.24348,4351.42,275.3008,47.44017
Mercedes,2009,All,19.54537,16.3302,22.95479,457.15765,547.11858,389.29239,4262.513,269.2221,46.38192
Mercedes,2010,All,18.94624,15.89817,22.14987,470.60865,560.80252,402.56766,4474.248,276.6098,48.56533
Mercedes,2011,All,19.10806,16.06808,22.2893,467.89587,556.41488,401.11837,4495.239,275.2905,48.06645
Mercedes,2012,All,21.00064,17.63504,24.53267,427.1503,508.56788,365.73002,4449.67,282.1428,48.21133
Mercedes,2013,All,22.22884,18.73216,25.87214,402.00948,477.12542,345.34306,4346.051,283.8292,47.25607
Mercedes,2014,All,23.05124,19.44814,26.79638,386.99939,458.92763,332.73773,4369.278,287.0418,47.81949
Mercedes,2015,All,23.39981,20.00501,26.83518,380.80349,445.62212,331.90522,4357.58,285.4575,48.37202
Mercedes,2016,All,23.64929,20.34977,26.94513,375.98802,437.00125,329.9605,4326.671,281.417,48.8754
Mercedes,2017,All,23.04015,19.79107,26.29694,385.07851,448.31485,337.37391,4535.511,287.9743,49.99567
Mercedes,2018,All,23.50904,20.05567,27.0187,377.45108,442.4455,328.42021,4429.762,284.6131,49.55064
Mercedes,2019,All,23.67964,20.08692,27.37304,374.38112,441.12953,324.02706,4389.575,286.8544,49.4749
Mercedes,2020,All,23.42644,20.00937,26.89074,379.14072,443.8148,330.3515,4533.003,287.5915,51.26152
Mercedes,2021,All,24.04555,20.58128,27.54294,369.59019,431.80019,322.65984,4484.474,299.8736,50.8029
Nissan,1975,All,21.06268,18.94153,24.40267,421.93107,469.18073,364.18148,2639.884,111.9255,-
Nissan,1976,All,22.42079,20.52489,25.27418,396.37324,432.9865,351.62371,2609.582,107.2865,-
Nissan,1977,All,22.71369,21.03342,25.17139,391.26179,422.51816,353.05957,2594.706,106.4996,-
Nissan,1978,All,22.5667,21.16901,24.54764,393.81035,419.8118,362.0308,2580.053,105.7102,-
Nissan,1979,All,22.26221,20.62321,24.65727,399.19667,430.92218,360.42105,2540.988,85.7551,-
Nissan,1980,All,25.36847,23.85121,27.50716,350.31672,372.60168,323.07955,2531.244,83.6641,-
Nissan,1981,All,25.46596,23.9687,27.57098,350.61175,372.451,323.91932,2595.911,89.6566,-
Nissan,1982,All,25.54514,23.89791,27.89517,350.5472,374.61301,321.13344,2637.486,90.1436,-
Nissan,1983,All,26.99844,24.8523,30.18427,329.71013,358.17022,294.92558,2603.433,91.2976,-
Nissan,1984,All,25.96174,23.82152,29.16426,342.50476,373.2698,304.90304,2748.049,101.3346,-
Nissan,1985,All,24.1401,22.28618,26.87229,368.18207,398.80853,330.74973,2844.752,103.2771,-
Nissan,1986,All,23.31353,21.30932,26.25295,381.20596,417.05908,338.52477,2981.358,105.9025,-
Nissan,1987,All,23.51988,21.28323,26.78717,377.85064,417.55889,331.76325,2983.721,102.2907,-
Nissan,1988,All,23.64411,21.59776,26.47847,375.86526,411.47787,335.63121,2954.742,99.6038,-
Nissan,1989,All,23.80861,21.52001,26.97136,373.26837,412.96454,329.49768,2956.196,113.3862,-
Nissan,1990,All,22.99134,20.61009,26.25678,386.53683,431.19661,338.46493,3109.342,138.3872,-
Nissan,1991,All,23.03552,20.51165,26.45638,385.79556,433.266,335.91135,3169.502,143.8258,-
Nissan,1992,All,23.48095,20.83008,27.00555,378.47706,426.64264,329.08048,3132.366,141.1735,-
Nissan,1993,All,22.49863,19.91036,25.86441,395.00192,446.35065,343.5995,3260.882,144.5888,-
Nissan,1994,All,22.52422,19.86369,25.91662,394.55304,447.39916,342.90734,3248.813,142.6495,-
Nissan,1995,All,21.47528,18.96212,24.58252,413.82456,468.67123,361.51707,3380.756,153.3854,-
Nissan,1996,All,22.75314,19.93054,26.21153,390.58342,445.89869,339.04924,3279.688,153.7371,-
Nissan,1997,All,21.73231,18.98753,25.02353,408.93024,468.04396,355.1457,3374.851,153.6148,-
Nissan,1998,All,22.07831,19.1833,25.49837,402.52173,463.2675,348.53209,3509.789,155.1314,-
Nissan,1999,All,21.56403,18.60564,25.01876,412.12145,477.65075,355.21352,3569.844,159.0822,-
Nissan,2000,All,19.69668,17.1351,22.5543,451.19272,518.64303,394.02688,3700.591,175.7452,-
Nissan,2001,All,19.4456,16.97217,22.11237,457.01855,523.62204,401.90176,3709.562,181.8034,-
Nissan,2002,All,20.08572,17.50733,22.80003,442.45375,507.61587,389.78015,3680.494,190.6783,-
Nissan,2003,All,20.35909,17.53917,23.32194,436.51266,506.69445,381.05755,3694.298,213.0582,-
Nissan,2004,All,19.389,16.48022,22.44871,458.35268,539.25262,395.8802,4058.08,227.707,-
Nissan,2005,All,20.08706,17.00124,23.27383,442.42422,522.72657,381.84525,4033.836,227.945,-
Nissan,2006,All,20.00307,16.96241,23.13111,444.28174,523.92329,384.20127,4037.237,229.2077,-
Nissan,2007,All,21.30054,18.13915,24.52506,417.21945,489.93472,362.36406,3958.853,223.1658,-
Nissan,2008,All,21.89585,18.63652,25.22371,405.87609,476.85942,352.32726,3926.217,227.2689,48.45188
Nissan,2009,All,23.58907,20.32888,26.83572,376.74227,437.16127,331.16303,3729.922,208.2097,46.60432
Nissan,2010,All,23.18718,19.87125,26.52646,383.2721,447.229,335.02392,3815.201,211.6697,47.06596
Nissan,2011,All,23.34485,20.15511,26.50983,379.88206,440.19289,334.38441,3835.445,211.0751,46.93246
Nissan,2012,All,24.07919,20.76745,27.37206,368.22365,427.14689,323.77278,3745.778,203.4417,46.79135
Nissan,2013,All,26.46235,22.82962,30.07224,334.23466,387.87959,293.76568,3718.026,203.2243,47.22287
Nissan,2014,All,26.72606,23.05445,30.37542,331.89652,384.93062,291.88834,3683.991,198.1239,47.24253
Nissan,2015,All,28.01994,24.21641,31.78618,315.597,365.6067,277.87038,3642.958,188.522,47.13806
Nissan,2016,All,27.83745,23.96539,31.72064,318.46282,370.13385,279.31277,3661.131,192.0148,47.14046
Nissan,2017,All,26.89626,22.96176,30.88911,329.89233,386.56809,287.13693,3814.758,206.3446,48.01855
Nissan,2018,All,27.12667,23.22792,31.05947,326.79449,381.88528,285.23477,3805.967,200.881,47.84823
Nissan,2019,All,26.96549,23.08319,30.884,328.58802,384.133,286.68566,3811.204,202.2397,48.14343
Nissan,2020,All,27.9308,23.86701,32.0472,317.35506,371.62523,276.4144,3851.812,204.2258,48.07925
Nissan,2021,All,29.20417,25.19928,33.18253,302.69664,351.24169,266.07493,3753.19,192.0922,47.63396
Stellantis,1975,All,13.01066,12.04521,14.42365,683.05537,737.80346,616.14103,4050.757,138.4583,-
Stellantis,1976,All,13.84731,12.72954,15.51211,641.78527,698.14012,572.90712,4023.39,135.1939,-
Stellantis,1977,All,13.78508,12.63878,15.50369,644.68272,703.15351,573.21843,4090.912,136.3138,-
Stellantis,1978,All,14.98159,13.82978,16.67943,593.23536,642.63983,532.85212,3763.451,128.2048,-
Stellantis,1979,All,16.01313,14.93946,17.55514,555.08898,594.96945,506.34617,3563.187,116.1779,-
Stellantis,1980,All,18.33803,16.9362,20.402,484.62131,524.73414,435.59452,3188.326,94.118,-
Stellantis,1981,All,20.87417,19.17681,23.40626,425.74152,463.42431,379.68477,2972.224,95.1353,-
Stellantis,1982,All,20.89161,19.24553,23.33051,425.38609,461.76949,380.91749,3119.989,99.314,-
Stellantis,1983,All,21.93384,20.42167,24.11644,405.39004,435.40352,368.70691,3029.185,95.5671,-
Stellantis,1984,All,20.96463,19.40938,23.2407,423.98092,457.95162,382.46118,3079.394,98.216,-
Stellantis,1985,All,20.95168,19.38798,23.24287,424.1892,458.40032,382.37561,3163.161,109.8287,-
Stellantis,1986,All,21.01227,19.45481,23.22445,422.9522,456.81113,382.6658,3201.094,108.4271,-
Stellantis,1987,All,20.80117,19.04183,23.2979,427.23856,466.71245,381.45362,3221.069,115.7771,-
Stellantis,1988,All,20.8124,18.81622,23.65193,427.00508,472.30535,375.74093,3312.38,122.0821,-
Stellantis,1989,All,20.25234,18.21173,23.11124,438.81352,487.98214,384.53155,3404.388,124.5044,-
Stellantis,1990,All,20.07318,17.86741,23.15418,442.73013,497.38595,383.81835,3528.54,135.78,-
Stellantis,1991,All,20.12441,18.01642,22.9446,441.60309,493.27224,387.32429,3511.562,137.0605,-
Stellantis,1992,All,19.70885,17.5634,22.53095,450.9142,505.99532,394.43529,3575.249,141.7793,-
Stellantis,1993,All,19.58081,17.21713,22.70471,453.86275,516.17208,391.41666,3567.003,150.6439,-
Stellantis,1994,All,18.41166,16.19285,21.26134,482.6833,548.82262,417.9888,3768.127,164.2468,-
Stellantis,1995,All,18.98958,16.55693,22.09097,467.9935,536.75396,402.29104,3619.236,166.4476,-
Stellantis,1996,All,18.34245,15.8092,21.57004,484.50446,562.14087,412.00673,3881.979,176.9676,-
Stellantis,1997,All,18.29661,15.69717,21.55085,485.7184,566.15292,412.3735,3913.473,174.5455,-
Stellantis,1998,All,18.02398,15.37671,21.28808,493.06536,577.95204,417.4636,3990.092,177.2713,-
Stellantis,1999,All,17.64451,15.03249,20.78517,503.6694,591.18599,427.56456,4119.872,191.7483,-
Stellantis,2000,All,18.21632,15.52162,21.3652,487.85923,572.55603,415.95676,3986.498,186.1711,-
Stellantis,2001,All,17.60463,14.97567,20.60319,504.81042,593.42939,431.34102,4169.898,195.4041,-
Stellantis,2002,All,17.70093,15.16403,20.47303,502.06391,586.05804,434.08323,4202.68,204.0049,-
Stellantis,2003,All,17.9285,15.45311,20.52717,495.69114,575.09455,432.9384,4266.092,203.4195,-
Stellantis,2004,All,17.73642,15.05685,20.56254,501.05949,590.2297,432.19359,4236.471,222.7123,-
Stellantis,2005,All,18.17971,15.32738,21.14869,489.04859,580.04814,420.3998,4278.735,220.9868,-
Stellantis,2006,All,18.14131,15.25205,21.16609,490.08451,582.90962,420.05855,4374.413,231.6009,-
Stellantis,2007,All,18.56603,15.76088,21.44544,478.77586,563.98467,414.49552,4326.118,223.1365,-
Stellantis,2008,All,19.32963,16.37596,22.37395,459.83045,542.76501,397.26578,4306.348,217.2404,50.13865
Stellantis,2009,All,19.14472,16.11987,22.3017,464.20118,551.30707,398.48972,4400.989,229.3157,50.89085
Stellantis,2010,All,19.53693,16.3975,22.83507,454.88217,541.97297,389.1821,4337.596,226.6699,50.86449
Stellantis,2011,All,19.41745,16.27736,22.72453,457.68119,545.97291,391.07516,4481.984,268.1654,51.78826
Stellantis,2012,All,20.07502,16.81522,23.51381,442.68945,528.50943,377.94806,4361.577,270.6688,51.3923
Stellantis,2013,All,20.87185,17.41172,24.55266,425.66692,510.29003,361.82843,4326.289,267.3839,51.5107
Stellantis,2014,All,20.73541,17.34721,24.31862,428.46357,512.18332,365.30656,4476.166,272.2508,52.22665
Stellantis,2015,All,21.77917,18.19429,25.58159,408.8129,489.40471,348.01557,4320.728,260.4203,50.69801
Stellantis,2016,All,21.54052,18.10731,25.13579,413.30332,491.69107,354.16869,4338.853,263.4282,51.39342
Stellantis,2017,All,21.14576,17.68775,24.80396,420.30393,502.53868,358.26719,4510.389,280.2802,52.81365
Stellantis,2018,All,21.72275,18.19789,25.44011,409.20584,488.41511,349.45148,4464.801,278.0765,51.99811
Stellantis,2019,All,21.23923,17.64548,25.09483,418.43194,503.64203,354.15064,4631.17,298.8903,54.93125
Stellantis,2020,All,21.29298,17.97839,24.73289,417.66878,494.62571,359.61355,4660.71,295.0484,54.85599
Stellantis,2021,All,21.6497,18.34787,25.05047,410.29391,483.77084,354.86395,4686.395,300.0238,52.75396
Subaru,1975,All,22.52468,20.91444,24.86444,394.54505,424.92165,357.4181,2345.632,58,-
Subaru,1976,All,25.26693,23.80554,27.3165,351.7246,373.31649,325.33451,2366.223,61.2479,-
Subaru,1977,All,25.69683,23.54965,28.91958,345.84026,377.37285,307.30043,2353.122,65.35,-
Subaru,1978,All,25.00394,22.97167,28.03535,355.42399,386.8678,316.99267,2400.855,67,-
Subaru,1979,All,24.63175,22.70382,27.48424,360.79458,391.43193,323.34892,2432.104,67,-
Subaru,1980,All,23.79922,21.51585,27.34626,373.41557,413.04428,324.98047,2411.553,68.4062,-
Subaru,1981,All,26.31207,24.69256,28.6051,337.75374,359.90593,310.67883,2410.387,70.4149,-
Subaru,1982,All,26.84848,25.14353,29.2747,331.00569,353.45083,303.57275,2525.036,70.7887,-
Subaru,1983,All,26.56586,24.68483,29.2942,334.52704,360.01866,303.3706,2555.542,73.104,-
Subaru,1984,All,26.44847,24.56615,29.1813,336.01184,361.75801,304.54431,2581.092,73.4598,-
Subaru,1985,All,25.91687,24.18444,28.4037,342.90402,367.46764,312.88182,2629.159,85.6374,-
Subaru,1986,All,25.5078,23.84595,27.81127,348.40326,372.68379,319.54672,2668.059,88.4954,-
Subaru,1987,All,24.84463,23.17867,27.09665,357.70307,383.41284,327.9741,2726.217,89.6659,-
Subaru,1988,All,26.32664,24.65673,28.49428,337.56679,360.42895,311.88713,2612.603,89.7822,-
Subaru,1989,All,26.27877,24.73326,28.19963,338.18175,359.31367,315.14594,2621.284,87.8514,-
Subaru,1990,All,23.42426,21.21019,26.38326,379.39303,418.99679,336.84234,3079.538,116.127,-
Subaru,1991,All,23.49401,21.23469,26.44149,378.26671,418.5132,336.10056,3078.693,115.1073,-
Subaru,1992,All,23.28883,20.92593,26.33005,381.59926,424.68845,337.52315,3187.992,147.2725,-
Subaru,1993,All,24.13606,21.59195,27.35468,368.2042,411.58857,324.88047,3037.208,116.8437,-
Subaru,1994,All,23.19892,20.53728,26.55934,383.07816,432.72528,334.60918,3172.409,126.6293,-
Subaru,1995,All,23.44574,20.56814,27.05758,379.04543,432.07591,328.44769,3193.326,132.3067,-
Subaru,1996,All,22.48275,19.71874,25.85893,395.28077,450.68794,343.67238,3333.15,141.6439,-
Subaru,1997,All,22.88479,19.94418,26.43061,388.33652,445.59361,336.23887,3324.598,151.7028,-
Subaru,1998,All,22.37,19.6912,25.44037,397.2732,451.31833,349.32675,3400.795,157.7433,-
Subaru,1999,All,22.21926,19.47953,25.30387,399.96835,456.22255,351.2111,3427.01,159.3628,-
Subaru,2000,All,22.50957,19.7653,25.50626,394.80985,449.62647,348.4243,3444.989,163.1397,-
Subaru,2001,All,22.27995,19.53427,25.20926,398.87879,454.944,352.52923,3674.359,168.4392,-
Subaru,2002,All,21.95768,19.06738,25.02376,404.73316,466.08387,355.14241,3644.335,179.5859,-
Subaru,2003,All,21.77975,18.81465,24.87681,408.03962,472.34471,357.24031,3670.844,173.5409,-
Subaru,2004,All,21.51071,18.4138,24.72069,413.14302,482.62724,359.49647,3631.592,184.4218,-
Subaru,2005,All,21.87347,18.68785,25.10142,406.29121,475.54958,354.04366,3573.28,190.8326,-
Subaru,2006,All,21.6406,18.59795,24.68749,410.6633,477.84831,359.97988,3680.34,196.8417,-
Subaru,2007,All,22.12756,19.05048,25.19793,401.62589,466.49736,352.68775,3595.463,189.2089,-
Subaru,2008,All,22.26126,19.09285,25.44693,399.21363,465.46214,349.23668,3619.594,187.9344,42.63786
Subaru,2009,All,22.61805,19.51843,25.6965,392.9162,455.31321,345.84477,3543.072,178.6089,43.9265
Subaru,2010,All,23.4318,20.21709,26.62566,379.27096,439.57854,333.77578,3644.938,177.369,44.14015
Subaru,2011,All,23.75675,20.53402,26.94725,374.08309,432.79396,329.79244,3718.693,185.2441,44.57315
Subaru,2012,All,25.03342,21.67566,28.34597,355.00545,409.99909,313.51902,3662.841,175.6769,44.53053
Subaru,2013,All,26.45236,23.04963,29.76748,335.96245,385.55931,298.54727,3629.179,173.8332,44.37024
Subaru,2014,All,27.31929,23.92107,30.59846,325.30131,371.51347,290.4395,3632.207,171.5142,44.32084
Subaru,2015,All,28.05157,24.43224,31.58082,316.80935,363.7407,281.405,3647.524,177.1623,44.71967
Subaru,2016,All,28.06045,24.42415,31.61078,316.70914,363.8612,281.13828,3663.198,176.7731,44.72788
Subaru,2017,All,28.50861,24.67287,32.29631,311.73042,360.19319,275.1708,3723.95,180.6839,45.0383
Subaru,2018,All,28.69908,24.96463,32.34967,309.66153,355.98358,274.71683,3679.809,177.0393,44.98755
Subaru,2019,All,28.4476,24.72525,32.09238,312.28579,359.26761,276.84337,3892.996,185.5087,45.86015
Subaru,2020,All,28.4822,24.85347,32.00765,311.83097,357.30512,277.5259,3972.874,196.5317,46.13654
Subaru,2021,All,28.44989,25.02971,31.71965,312.20546,354.81628,280.06045,3930.136,193.0212,45.71152
Tesla,2012,All,89.14065,87.9,90.1,0,0,0,4500,349,53.5
Tesla,2013,All,90.655,89.40462,91.62166,0,0,0,4500,346.984,53.5
Tesla,2014,All,90.16863,88.53592,91.44073,0,0,0,4562.222,335.7883,53.6
Tesla,2015,All,97.13512,93.61229,99.97328,0,0,0,4901.756,396.1661,53.6
Tesla,2016,All,96.81841,94.39673,98.72914,0,0,0,5172.598,384.3064,53.94536
Tesla,2017,All,98.21854,96.37448,99.65706,0,0,0,5211.807,499.9051,53.77349
Tesla,2018,All,113.67319,116.82017,111.40912,0,0,0,4522.574,402.7222,50.43325
Tesla,2019,All,117.9998,123.774,113.98822,0,0,0,4436.414,392.0165,49.93446
Tesla,2020,All,119.08936,125.26178,114.82108,0,0,0,4393.679,443.699,50.57089
Tesla,2021,All,125.65058,134.56187,119.67191,0,0,0,4203.63,358.8458,51.26354
Toyota,1975,All,18.40479,16.65595,21.11441,482.8635,533.56308,420.89736,2748.065,89.7997,-
Toyota,1976,All,20.46137,18.25449,24.00894,434.33067,486.83905,370.15375,2773.17,86.6217,-
Toyota,1977,All,23.58134,21.50372,26.73885,376.86583,413.27737,332.36284,2684.617,82.4472,-
Toyota,1978,All,21.92111,20.18973,24.48773,405.40829,440.17436,362.91643,2693.512,85.0033,-
Toyota,1979,All,19.49317,17.81437,22.03067,455.90327,498.86684,403.39224,2732.782,83.2299,-
Toyota,1980,All,22.0682,20.51616,24.31652,402.70617,433.17077,365.47167,2672.38,81.4815,-
Toyota,1981,All,25.4353,23.80801,27.75383,350.42655,374.32922,321.21217,2621.451,79.2777,-
Toyota,1982,All,24.76786,23.01233,27.31465,359.89069,387.28023,326.41459,2676.957,83.8519,-
Toyota,1983,All,25.96838,24.37591,28.22181,342.57487,364.93627,315.24428,2753.569,87.7072,-
Toyota,1984,All,25.23203,23.63946,27.49606,352.82784,376.58823,323.78736,2845.045,90.7167,-
Toyota,1985,All,25.56374,23.86194,28.00485,347.884,372.68535,317.57124,2888.522,96.4441,-
Toyota,1986,All,24.93252,23.2506,27.27845,356.48275,382.27059,325.82522,2959.241,101.2203,-
Toyota,1987,All,25.33475,23.43986,27.95104,350.783,379.1405,317.94883,2965.946,106.6294,-
Toyota,1988,All,24.9162,23.04659,27.42418,356.67551,385.61023,324.05708,2941.855,107.9253,-
Toyota,1989,All,24.1974,22.31366,26.67125,367.27081,398.27615,333.20518,3004.059,113.8561,-
Toyota,1990,All,23.21972,21.1883,25.88243,382.73503,419.42963,343.36034,3132.348,123.8319,-
Toyota,1991,All,22.91283,20.85011,25.55949,387.86134,426.23285,347.69867,3173.372,123.8857,-
Toyota,1992,All,22.21555,20.04598,24.98002,400.03518,443.33084,355.76428,3241.907,130.7063,-
Toyota,1993,All,22.0885,19.76841,25.02261,402.33611,449.55563,355.15885,3284.61,135.862,-
Toyota,1994,All,21.75007,19.42613,24.62261,408.59647,457.4767,360.92848,3316.924,131.4325,-
Toyota,1995,All,22.19012,19.69382,25.23752,400.49348,451.25841,352.13443,3369.26,140.8198,-
Toyota,1996,All,22.3944,19.86011,25.40865,396.8403,447.47985,349.76276,3321.803,142.0391,-
Toyota,1997,All,22.116,19.52884,25.14104,401.83572,455.0706,353.48573,3371.21,148.8819,-
Toyota,1998,All,22.2846,19.57618,25.4034,398.79561,453.97017,349.83507,3455.037,158.0263,-
Toyota,1999,All,21.96844,19.2775,24.99183,404.5348,461.00372,355.59622,3535.654,163.282,-
Toyota,2000,All,21.19307,18.52789,24.13302,419.3352,479.65536,368.25066,3623.325,171.1562,-
Toyota,2001,All,21.27654,18.59637,24.1561,417.69006,477.88897,367.89884,3638.657,174.7093,-
Toyota,2002,All,20.86869,18.16645,23.72074,425.85331,489.19841,374.65107,3732.33,183.6701,-
Toyota,2003,All,21.65375,18.73802,24.68839,410.41394,474.27631,359.96683,3623.635,178.3511,-
Toyota,2004,All,21.20695,18.22797,24.26878,419.06078,487.54735,366.19065,3862.469,190.6655,-
Toyota,2005,All,22.73632,19.52704,25.95422,390.8724,455.11249,342.41058,3711.257,186.0053,-
Toyota,2006,All,22.41368,19.41365,25.3714,396.49892,457.77075,350.27631,3810.924,189.3354,-
Toyota,2007,All,23.30101,20.09745,26.48595,381.39976,442.19533,335.53643,3807.702,199.526,-
Toyota,2008,All,22.82157,19.78074,25.81536,389.41227,449.27539,344.25237,3953.414,211.7754,48.34014
Toyota,2009,All,25.44052,21.86843,29.01601,349.32464,406.38491,306.27918,3611.979,179.7139,46.08185
Toyota,2010,All,25.37782,21.9916,28.71311,350.18762,404.1089,309.51016,3821.196,193.6058,47.15099
Toyota,2011,All,23.93186,20.57297,27.2935,371.34596,431.9745,325.60864,3959.816,208.8389,48.69176
Toyota,2012,All,25.47293,22.25658,28.58972,348.85487,399.27441,310.81908,3860.225,196.0483,48.01394
Toyota,2013,All,25.02957,21.85083,28.11503,355.01929,406.67409,316.05162,3924.325,203.1157,48.08986
Toyota,2014,All,25.41825,22.13123,28.62559,349.5662,401.49805,310.38954,3898.327,201.5949,48.61576
Toyota,2015,All,24.97159,21.74225,28.12268,355.8847,408.7441,316.0083,3958.409,205.6819,48.38213
Toyota,2016,All,25.0145,21.80008,28.14521,355.23027,407.61534,315.7117,3986.353,210.6194,48.51502
Toyota,2017,All,25.27732,22.00668,28.46929,351.04903,403.15161,311.74321,4059.173,215.7714,49.00221
Toyota,2018,All,25.51833,22.24982,28.69875,347.94466,399.01539,309.41741,4083.356,220.1509,48.78112
Toyota,2019,All,25.77019,22.47968,28.96909,344.62329,395.05155,306.58092,4120.397,232.7357,49.45629
Toyota,2020,All,26.98401,23.6909,30.14509,329.01212,374.67454,294.56503,4036.826,222.5034,49.32237
Toyota,2021,All,26.12675,23.34358,28.70891,339.24386,379.63021,308.77696,4225.273,228.4171,50.05302
VW,1975,All,22.60053,19.9855,26.90294,393.22085,444.67234,330.3357,2374.728,69.2166,-
VW,1976,All,23.38854,21.31225,26.5499,379.97238,416.9903,334.72825,2349.943,74.4562,-
VW,1977,All,24.56012,21.97323,28.68808,364.25463,407.01094,311.99692,2365.743,74.433,-
VW,1978,All,23.10906,20.8176,26.70128,388.84179,431.45036,336.76464,2420.151,75.4274,-
VW,1979,All,23.86864,21.54529,27.49206,379.83061,420.3295,330.33196,2432.878,72.4974,-
VW,1980,All,26.0367,23.49676,30.00033,353.77702,391.45425,307.72708,2420.231,69.6899,-
VW,1981,All,28.56169,25.89788,32.66866,327.54834,360.93898,286.73755,2436.556,68.031,-
VW,1982,All,27.3856,25.27974,30.48989,335.00371,362.48866,301.411,2539.318,73.4183,-
VW,1983,All,24.50299,22.39353,27.69115,367.01499,401.38881,325.00254,2616.373,88.6692,-
VW,1984,All,23.5869,21.62344,26.53137,379.71044,414.07497,337.70934,2702.315,92.3513,-
VW,1985,All,24.51819,22.42452,27.67643,365.12833,399.20458,323.47959,2746.824,97.4742,-
VW,1986,All,24.21034,22.03156,27.44162,368.69517,405.13378,325.30849,2723.169,104.7115,-
VW,1987,All,23.44435,21.48566,26.2151,379.06794,413.62476,339.00304,2778.337,108.8238,-
VW,1988,All,24.76508,22.51174,27.92448,358.8521,394.77187,318.25119,2712.111,105.332,-
VW,1989,All,24.4067,22.03859,27.68715,364.90957,404.10035,321.69654,2783.258,107.5703,-
VW,1990,All,23.33404,20.91165,26.65765,381.19994,425.34565,333.68635,2979.103,117.5959,-
VW,1991,All,23.81569,21.03324,27.66405,374.52121,423.98296,322.5107,2984.64,113.6626,-
VW,1992,All,23.89521,20.87448,28.0669,372.31995,426.16153,317.01898,2975.974,120.2114,-
VW,1993,All,21.25973,18.54989,24.90875,418.0203,479.08646,356.78232,3278.695,136.2019,-
VW,1994,All,22.96092,19.9006,27.03109,387.0489,446.56934,328.76959,3107.629,133.0304,-
VW,1995,All,23.09363,20.06103,26.9916,384.82478,442.99816,329.25053,3147.187,138.0163,-
VW,1996,All,22.90558,19.63335,27.12724,389.02232,453.81271,328.52548,3159.903,136.7134,-
VW,1997,All,22.93339,19.67715,27.00629,388.17783,452.39076,329.65825,3172.42,140.15,-
VW,1998,All,23.23661,19.75984,27.55199,384.10328,451.60619,324.01594,3205.746,141.8341,-
VW,1999,All,22.7029,19.20113,26.98059,392.2255,463.705,330.08547,3266.989,148.1971,-
VW,2000,All,22.79871,19.4658,26.67279,391.50524,458.47335,334.69765,3264.638,152.4355,-
VW,2001,All,22.41505,19.01426,26.31586,398.01955,469.14543,339.0731,3338.445,163.7495,-
VW,2002,All,22.9908,19.41253,27.02313,389.14975,460.79131,331.1555,3409.711,165.8885,-
VW,2003,All,23.17189,19.55284,27.14399,385.74709,457.05054,329.37464,3459.418,166.443,-
VW,2004,All,20.96805,17.57246,24.64647,426.07507,508.3764,362.50853,3844.289,195.5628,-
VW,2005,All,21.24186,17.6996,25.01919,422.14477,506.57369,358.45277,3867.246,198.033,-
VW,2006,All,22.68463,18.88491,26.74398,396.33228,475.76981,336.40573,3763.257,200.3082,-
VW,2007,All,21.87416,18.16148,25.86259,406.3673,489.43664,343.70096,3847.573,213.5829,-
VW,2008,All,21.85388,18.13391,25.85506,406.68627,490.11254,343.75066,3890.292,223.2733,44.36196
VW,2009,All,23.37598,19.64346,27.28744,385.08841,458.21293,329.92431,3804.95,207.6038,44.19629
VW,2010,All,24.65528,20.82782,28.62335,367.80462,435.47869,316.75225,3774.45,202.8952,44.42946
VW,2011,All,25.32125,21.44957,29.31269,357.79839,422.37872,309.0799,3854.559,208.6673,45.30506
VW,2012,All,25.78394,21.78576,29.92728,350.8891,415.25358,302.33343,3767.171,204.7133,45.60213
VW,2013,All,25.88618,21.87145,30.04694,350.33689,414.60346,301.85509,3778.568,203.73,45.75716
VW,2014,All,26.08121,21.95964,30.38316,348.36734,413.7158,299.06938,3841.11,211.1334,46.28774
VW,2015,All,26.61359,22.32229,31.12792,339.36404,404.70452,290.07209,3852.354,211.3425,46.04226
VW,2016,All,26.54602,22.35808,30.9144,334.26387,396.99268,286.94214,3893.763,220.4849,45.92706
VW,2017,All,26.37891,22.36375,30.51143,336.30364,396.62462,290.79834,3897.04,225.4872,46.28707
VW,2018,All,24.59511,21.13606,28.05933,360.91983,419.86644,316.4512,4168.242,250.7879,48.40549
VW,2019,All,26.12946,22.33742,29.96725,337.76141,395.46432,294.23114,4141.385,235.5291,48.22647
VW,2020,All,24.91724,21.42046,28.41676,354.08929,411.91414,310.46703,4144.084,240.9033,48.08672
VW,2021,All,25.87628,22.48018,29.2046,333.20208,384.95724,294.17505,4337.617,259.7649,49.1405
